Gene,AA Name,AA Number,Region
7EKT.A,P,28,1
7EKT.A,L,29,1
7EKT.A,T,30,1
7EKT.A,V,31,1
7EKT.A,Y,32,1
7EKT.A,F,33,1
7EKT.A,S,34,1
7EKT.A,L,35,1
7EKT.A,S,36,1
7EKT.A,L,37,1
7EKT.A,L,38,1
7EKT.A,Q,39,1
7EKT.A,I,40,1
7EKT.A,M,41,1
7EKT.A,D,42,1
7EKT.A,V,43,1
7EKT.A,D,44,1
7EKT.A,E,45,1
7EKT.A,K,46,1
7EKT.A,N,47,1
7EKT.A,Q,48,1
7EKT.A,V,49,1
7EKT.A,L,50,1
7EKT.A,T,51,1
7EKT.A,T,52,1
7EKT.A,N,53,1
7EKT.A,I,54,1
7EKT.A,W,55,1
7EKT.A,L,56,1
7EKT.A,Q,57,1
7EKT.A,M,58,1
7EKT.A,S,59,1
7EKT.A,W,60,1
7EKT.A,T,61,1
7EKT.A,D,62,1
7EKT.A,H,63,1
7EKT.A,Y,64,1
7EKT.A,L,65,1
7EKT.A,Q,66,1
7EKT.A,G,83,2
7EKT.A,Q,84,2
7EKT.A,I,85,2
7EKT.A,W,86,2
7EKT.A,K,87,2
7EKT.A,P,88,2
7EKT.A,D,89,2
7EKT.A,I,90,2
7EKT.A,L,91,2
7EKT.A,L,92,2
7EKT.A,Y,93,2
7EKT.A,N,94,2
7EKT.A,S,95,2
7EKT.A,A,96,2
7EKT.A,D,97,2
7EKT.A,E,98,2
7EKT.A,R,99,2
7EKT.A,F,100,2
7EKT.A,D,101,2
7EKT.A,V,108,3
7EKT.A,L,109,3
7EKT.A,V,110,3
7EKT.A,N,111,3
7EKT.A,S,112,3
7EKT.A,S,113,3
7EKT.A,G,114,3
7EKT.A,H,115,3
7EKT.A,C,116,3
7EKT.A,Q,117,3
7EKT.A,Y,118,3
7EKT.A,L,119,3
7EKT.A,P,120,3
7EKT.A,P,121,3
7EKT.A,G,122,3
7EKT.A,I,123,3
7EKT.A,F,124,3
7EKT.A,K,125,3
7EKT.A,S,126,3
7EKT.A,S,127,3
7EKT.A,C,128,3
7EKT.A,Y,129,3
7EKT.A,I,130,3
7EKT.A,D,131,3
7EKT.A,V,132,3
7EKT.A,R,133,3
7EKT.A,W,134,3
7EKT.A,F,135,3
7EKT.A,P,136,3
7EKT.A,F,137,3
7EKT.A,D,138,3
7EKT.A,V,139,3
7EKT.A,Q,140,3
7EKT.A,H,141,3
7EKT.A,C,142,3
7EKT.A,K,143,3
7EKT.A,L,144,3
7EKT.A,K,145,3
7EKT.A,F,146,3
7EKT.A,G,147,3
7EKT.A,S,148,3
7EKT.A,W,149,3
7EKT.A,S,150,3
7EKT.A,Y,151,3
7EKT.A,G,152,3
7EKT.A,G,153,3
7EKT.A,W,154,3
7EKT.A,S,155,3
7EKT.A,L,156,3
7EKT.A,D,157,3
7EKT.A,L,158,3
7EKT.A,Q,159,3
7EKT.A,M,160,3
7EKT.A,Q,161,3
7EKT.A,E,193,4
7EKT.A,P,194,4
7EKT.A,Y,195,4
7EKT.A,P,196,4
7EKT.A,D,197,4
7EKT.A,V,198,4
7EKT.A,T,199,4
7EKT.A,F,200,4
7EKT.A,T,201,4
7EKT.A,V,202,4
7EKT.A,T,203,4
7EKT.A,M,204,4
7EKT.A,R,205,4
7EKT.A,R,206,4
7EKT.A,R,207,4
7EKT.A,T,208,4
7EKT.A,L,209,4
7EKT.A,Y,210,4
7EKT.A,Y,211,4
7EKT.A,G,212,4
7EKT.A,L,213,4
7EKT.A,N,214,4
7EKT.A,L,215,4
7EKT.A,L,216,4
7EKT.A,I,217,4
7EKT.A,P,218,4
7EKT.A,C,219,4
7EKT.A,V,220,4
7EKT.A,L,221,4
7EKT.A,I,222,4
7EKT.A,S,223,4
7EKT.A,A,224,4
7EKT.A,L,225,4
7EKT.A,A,226,4
7EKT.A,L,227,4
7EKT.A,L,228,4
7EKT.A,V,229,4
7EKT.A,F,230,4
7EKT.A,L,231,4
7EKT.A,L,232,4
7EKT.A,P,233,4
7EKT.A,A,234,4
7EKT.A,D,235,4
7EKT.A,S,236,4
7EKT.A,G,237,4
7EKT.A,E,238,4
7EKT.A,K,239,4
7EKT.A,I,240,4
7EKT.A,S,241,4
7EKT.A,L,242,4
7EKT.A,G,243,4
7EKT.A,I,244,4
7EKT.A,T,245,4
7EKT.A,V,246,4
7EKT.A,L,247,4
7EKT.A,L,248,4
7EKT.A,S,249,4
7EKT.A,L,250,4
7EKT.A,T,251,4
7EKT.A,V,252,4
7EKT.A,F,253,4
7EKT.A,M,254,4
7EKT.A,L,255,4
7EKT.A,L,256,4
7EKT.A,V,257,4
7EKT.A,A,258,4
7EKT.A,E,259,4
7EKT.A,I,260,4
7EKT.A,M,261,4
7EKT.A,P,262,4
7EKT.A,A,263,4
7EKT.A,T,264,4
7EKT.A,S,265,4
7EKT.A,D,266,4
7EKT.A,S,267,4
7EKT.A,V,268,4
7EKT.A,P,269,4
7EKT.A,L,270,4
7EKT.A,I,271,4
7EKT.A,A,272,4
7EKT.A,Q,273,4
7EKT.A,Y,274,4
7EKT.A,F,275,4
7EKT.A,A,276,4
7EKT.A,S,277,4
7EKT.A,T,278,4
7EKT.A,M,279,4
7EKT.A,I,280,4
7EKT.A,I,281,4
7EKT.A,V,282,4
7EKT.A,G,283,4
7EKT.A,L,284,4
7EKT.A,S,285,4
7EKT.A,V,286,4
7EKT.A,V,287,4
7EKT.A,V,288,4
7EKT.A,T,289,4
7EKT.A,V,290,4
7EKT.A,I,291,4
7EKT.A,V,292,4
7EKT.A,L,364,5
7EKT.A,C,365,5
7EKT.A,L,366,5
7EKT.A,M,367,5
7EKT.A,A,368,5
7EKT.A,F,369,5
7EKT.A,S,370,5
7EKT.A,V,371,5
7EKT.A,F,372,5
7EKT.A,T,373,5
7EKT.A,I,374,5
7EKT.A,I,375,5
7EKT.A,C,376,5
7EKT.A,T,377,5
7EKT.A,I,378,5
7EKT.A,G,379,5
7EKT.A,I,380,5
7EKT.A,L,381,5
7EKT.A,M,382,5
7EKT.A,S,383,5
7EKT.A,A,384,5
7EKT.A,P,385,5
