Gene,AA Name,AA Number,BS,,
GABRB2,S,253,uTMD_principal_extended,,
GABRB2,I,256,uTMD_principal_extended,,
GABRB2,T,281,uTMD_principal_extended,,
GABRB2,V,282,uTMD_principal_extended,,
GABRB2,L,283,uTMD_principal_extended,,
GABRB2,T,284,uTMD_principal_extended,,
GABRB2,M,285,uTMD_principal_close,,
GABRB2,T,286,uTMD_principal_close,,
GABRB2,T,287,uTMD_principal_extended,,
GABRB2,I,288,uTMD_principal_extended,,
GABRB2,N,289,uTMD_principal_close,,
GABRB2,T,290,uTMD_principal_extended,,
GABRB2,H,291,uTMD_principal_extended,,
GABRB2,L,292,uTMD_principal_extended,,
GABRB2,R,293,uTMD_principal_extended,,
GABRB2,V,302,uTMD_principal_extended,,
GABRB2,K,303,uTMD_principal_extended,,
GABRB2,A,304,uTMD_principal_extended,,
GABRB2,I,305,uTMD_principal_extended,,
GABRB2,D,306,uTMD_principal_close,,
GABRB2,M,307,uTMD_principal_extended,,
GABRB2,Y,308,uTMD_principal_extended,,
GABRB2,L,309,uTMD_principal_close,,
GABRB2,M,310,uTMD_principal_close,,
GABRB2,G,311,uTMD_principal_extended,,
GABRB2,C,312,uTMD_principal_extended,,
GABRB2,F,313,uTMD_principal_close,,
GABRB2,V,314,uTMD_principal_close,,
GABRB2,F,315,uTMD_principal_extended,,
GABRB2,V,316,uTMD_principal_extended,,
GABRB2,F,317,uTMD_principal_extended,,
GABRB2,M,318,uTMD_principal_extended,,
GABRA1,G,251,uTMD_complementary_extended,,
GABRA1,Y,252,uTMD_complementary_extended,,
GABRA1,F,253,uTMD_complementary_extended,,
GABRA1,V,254,uTMD_complementary_extended,,
GABRA1,I,255,uTMD_complementary_close,,
GABRA1,Q,256,uTMD_complementary_close,,
GABRA1,T,257,uTMD_complementary_extended,,
GABRA1,Y,258,uTMD_complementary_extended,,
GABRA1,L,259,uTMD_complementary_close,,
GABRA1,P,260,uTMD_complementary_close,,
GABRA1,C,261,uTMD_complementary_extended,,
GABRA1,I,262,uTMD_complementary_extended,,
GABRA1,M,263,uTMD_complementary_close,,
GABRA1,T,264,uTMD_complementary_extended,,
GABRA1,V,265,uTMD_complementary_extended,,
GABRA1,I,266,uTMD_complementary_extended,,
GABRA1,L,267,uTMD_complementary_extended,,
GABRA1,L,296,uTMD_complementary_extended,,
GABRA1,Y,252,TM1,,
GABRA1,F,253,TM1,,
GABRA1,V,254,TM1,,
GABRA1,I,255,TM1,,
GABRA1,Q,256,TM1,,
GABRA1,T,257,TM1,,
GABRA1,Y,258,TM1,,
GABRA1,L,259,TM1,,
GABRA1,P,260,TM1,,
GABRA1,C,261,TM1,,
GABRA1,I,262,TM1,,
GABRA1,M,263,TM1,,
GABRA1,T,264,TM1,,
GABRA1,V,265,TM1,,
GABRA1,I,266,TM1,,
GABRA1,L,267,TM1,,
GABRA1,S,268,TM1,,
GABRA1,Q,269,TM1,,
GABRA1,V,270,TM1,,
GABRA1,S,271,TM1,,
GABRA1,F,272,TM1,,
GABRA1,W,273,TM1,,
GABRA1,V,279,TM2,,
GABRA1,P,280,TM2,,
GABRA1,A,281,TM2,,
GABRA1,R,282,TM2,,
GABRA1,T,283,TM2,,
GABRA1,V,284,TM2,,
GABRA1,F,285,TM2,,
GABRA1,G,286,TM2,,
GABRA1,V,287,TM2,,
GABRA1,T,288,TM2,,
GABRA1,T,289,TM2,,
GABRA1,V,290,TM2,,
GABRA1,L,291,TM2,,
GABRA1,T,292,TM2,,
GABRA1,M,293,TM2,,
GABRA1,T,294,TM2,,
GABRA1,T,295,TM2,,
GABRA1,L,296,TM2,,
GABRA1,S,297,TM2,,
GABRA1,I,298,TM2,,
GABRA1,S,299,TM2,,
GABRA1,A,300,TM2,,
GABRA1,M,313,TM3,,
GABRA1,D,314,TM3,,
GABRA1,W,315,TM3,,
GABRA1,F,316,TM3,,
GABRA1,I,317,TM3,,
GABRA1,A,318,TM3,,
GABRA1,V,319,TM3,,
GABRA1,C,320,TM3,,
GABRA1,Y,321,TM3,,
GABRA1,A,322,TM3,,
GABRA1,F,323,TM3,,
GABRA1,V,324,TM3,,
GABRA1,F,325,TM3,,
GABRA1,S,326,TM3,,
GABRA1,A,327,TM3,,
GABRA1,L,328,TM3,,
GABRA1,I,329,TM3,,
GABRA1,E,330,TM3,,
GABRA1,F,331,TM3,,
GABRA1,A,332,TM3,,
GABRA1,T,333,TM3,,
GABRA1,V,334,TM3,,
GABRA1,L,422,TM4,,
GABRA1,S,423,TM4,,
GABRA1,R,424,TM4,,
GABRA1,I,425,TM4,,
GABRA1,A,426,TM4,,
GABRA1,F,427,TM4,,
GABRA1,P,428,TM4,,
GABRA1,L,429,TM4,,
GABRA1,L,430,TM4,,
GABRA1,F,431,TM4,,
GABRA1,G,432,TM4,,
GABRA1,I,433,TM4,,
GABRA1,F,434,TM4,,
GABRA1,N,435,TM4,,
GABRA1,L,436,TM4,,
GABRA1,V,437,TM4,,
GABRA1,Y,438,TM4,,
GABRA1,W,439,TM4,,
GABRA1,A,440,TM4,,
GABRA1,T,441,TM4,,
GABRA1,Y,442,TM4,,
GABRA1,L,443,TM4,,
GABRA1,Q,28,ECD,,
GABRA1,P,29,ECD,,
GABRA1,S,30,ECD,,
GABRA1,L,31,ECD,,
GABRA1,Q,32,ECD,,
GABRA1,D,33,ECD,,
GABRA1,E,34,ECD,,
GABRA1,L,35,ECD,,
GABRA1,K,36,ECD,,
GABRA1,D,37,ECD,,
GABRA1,N,38,ECD,,
GABRA1,T,39,ECD,,
GABRA1,T,40,ECD,,
GABRA1,V,41,ECD,,
GABRA1,F,42,ECD,,
GABRA1,T,43,ECD,,
GABRA1,R,44,ECD,,
GABRA1,I,45,ECD,,
GABRA1,L,46,ECD,,
GABRA1,D,47,ECD,,
GABRA1,R,48,ECD,,
GABRA1,L,49,ECD,,
GABRA1,L,50,ECD,,
GABRA1,D,51,ECD,,
GABRA1,G,52,ECD,,
GABRA1,Y,53,ECD,,
GABRA1,D,54,ECD,,
GABRA1,N,55,ECD,,
GABRA1,R,56,ECD,,
GABRA1,L,57,ECD,,
GABRA1,R,58,ECD,,
GABRA1,P,59,ECD,,
GABRA1,G,60,ECD,,
GABRA1,L,61,ECD,,
GABRA1,G,62,ECD,,
GABRA1,E,63,ECD,,
GABRA1,R,64,ECD,,
GABRA1,V,65,ECD,,
GABRA1,T,66,ECD,,
GABRA1,E,67,ECD,,
GABRA1,V,68,ECD,,
GABRA1,K,69,ECD,,
GABRA1,T,70,ECD,,
GABRA1,D,71,ECD,,
GABRA1,I,72,ECD,,
GABRA1,F,73,ECD,,
GABRA1,V,74,ECD,,
GABRA1,T,75,ECD,,
GABRA1,S,76,ECD,,
GABRA1,F,77,ECD,,
GABRA1,G,78,ECD,,
GABRA1,P,79,ECD,,
GABRA1,V,80,ECD,,
GABRA1,S,81,ECD,,
GABRA1,D,82,ECD,,
GABRA1,H,83,ECD,,
GABRA1,D,84,ECD,,
GABRA1,M,85,ECD,,
GABRA1,E,86,ECD,,
GABRA1,Y,87,ECD,,
GABRA1,T,88,ECD,,
GABRA1,I,89,ECD,,
GABRA1,D,90,ECD,,
GABRA1,V,91,ECD,,
GABRA1,F,92,ECD,,
GABRA1,F,93,ECD,,
GABRA1,R,94,ECD,,
GABRA1,Q,95,ECD,,
GABRA1,S,96,ECD,,
GABRA1,W,97,ECD,,
GABRA1,K,98,ECD,,
GABRA1,D,99,ECD,,
GABRA1,E,100,ECD,,
GABRA1,R,101,ECD,,
GABRA1,L,102,ECD,,
GABRA1,K,103,ECD,,
GABRA1,F,104,ECD,,
GABRA1,K,105,ECD,,
GABRA1,G,106,ECD,,
GABRA1,P,107,ECD,,
GABRA1,M,108,ECD,,
GABRA1,T,109,ECD,,
GABRA1,V,110,ECD,,
GABRA1,L,111,ECD,,
GABRA1,R,112,ECD,,
GABRA1,L,113,ECD,,
GABRA1,N,114,ECD,,
GABRA1,N,115,ECD,,
GABRA1,L,116,ECD,,
GABRA1,M,117,ECD,,
GABRA1,A,118,ECD,,
GABRA1,S,119,ECD,,
GABRA1,K,120,ECD,,
GABRA1,I,121,ECD,,
GABRA1,W,122,ECD,,
GABRA1,T,123,ECD,,
GABRA1,P,124,ECD,,
GABRA1,D,125,ECD,,
GABRA1,T,126,ECD,,
GABRA1,F,127,ECD,,
GABRA1,F,128,ECD,,
GABRA1,H,129,ECD,,
GABRA1,N,130,ECD,,
GABRA1,G,131,ECD,,
GABRA1,K,132,ECD,,
GABRA1,K,133,ECD,,
GABRA1,S,134,ECD,,
GABRA1,V,135,ECD,,
GABRA1,A,136,ECD,,
GABRA1,H,137,ECD,,
GABRA1,N,138,ECD,,
GABRA1,M,139,ECD,,
GABRA1,T,140,ECD,,
GABRA1,M,141,ECD,,
GABRA1,P,142,ECD,,
GABRA1,N,143,ECD,,
GABRA1,K,144,ECD,,
GABRA1,L,145,ECD,,
GABRA1,L,146,ECD,,
GABRA1,R,147,ECD,,
GABRA1,I,148,ECD,,
GABRA1,T,149,ECD,,
GABRA1,E,150,ECD,,
GABRA1,D,151,ECD,,
GABRA1,G,152,ECD,,
GABRA1,T,153,ECD,,
GABRA1,L,154,ECD,,
GABRA1,L,155,ECD,,
GABRA1,Y,156,ECD,,
GABRA1,T,157,ECD,,
GABRA1,M,158,ECD,,
GABRA1,R,159,ECD,,
GABRA1,L,160,ECD,,
GABRA1,T,161,ECD,,
GABRA1,V,162,ECD,,
GABRA1,R,163,ECD,,
GABRA1,A,164,ECD,,
GABRA1,E,165,ECD,,
GABRA1,C,166,ECD,,
GABRA1,P,167,ECD,,
GABRA1,M,168,ECD,,
GABRA1,H,169,ECD,,
GABRA1,L,170,ECD,,
GABRA1,E,171,ECD,,
GABRA1,D,172,ECD,,
GABRA1,F,173,ECD,,
GABRA1,P,174,ECD,,
GABRA1,M,175,ECD,,
GABRA1,D,176,ECD,,
GABRA1,A,177,ECD,,
GABRA1,H,178,ECD,,
GABRA1,A,179,ECD,,
GABRA1,C,180,ECD,,
GABRA1,P,181,ECD,,
GABRA1,L,182,ECD,,
GABRA1,K,183,ECD,,
GABRA1,F,184,ECD,,
GABRA1,G,185,ECD,,
GABRA1,S,186,ECD,,
GABRA1,Y,187,ECD,,
GABRA1,A,188,ECD,,
GABRA1,Y,189,ECD,,
GABRA1,T,190,ECD,,
GABRA1,R,191,ECD,,
GABRA1,A,192,ECD,,
GABRA1,E,193,ECD,,
GABRA1,V,194,ECD,,
GABRA1,V,195,ECD,,
GABRA1,Y,196,ECD,,
GABRA1,E,197,ECD,,
GABRA1,W,198,ECD,,
GABRA1,T,199,ECD,,
GABRA1,R,200,ECD,,
GABRA1,E,201,ECD,,
GABRA1,P,202,ECD,,
GABRA1,A,203,ECD,,
GABRA1,R,204,ECD,,
GABRA1,S,205,ECD,,
GABRA1,V,206,ECD,,
GABRA1,V,207,ECD,,
GABRA1,V,208,ECD,,
GABRA1,A,209,ECD,,
GABRA1,E,210,ECD,,
GABRA1,D,211,ECD,,
GABRA1,G,212,ECD,,
GABRA1,S,213,ECD,,
GABRA1,R,214,ECD,,
GABRA1,L,215,ECD,,
GABRA1,N,216,ECD,,
GABRA1,Q,217,ECD,,
GABRA1,Y,218,ECD,,
GABRA1,D,219,ECD,,
GABRA1,L,220,ECD,,
GABRA1,L,221,ECD,,
GABRA1,G,222,ECD,,
GABRA1,Q,223,ECD,,
GABRA1,T,224,ECD,,
GABRA1,V,225,ECD,,
GABRA1,D,226,ECD,,
GABRA1,S,227,ECD,,
GABRA1,G,228,ECD,,
GABRA1,I,229,ECD,,
GABRA1,V,230,ECD,,
GABRA1,Q,231,ECD,,
GABRA1,S,232,ECD,,
GABRA1,S,233,ECD,,
GABRA1,T,234,ECD,,
GABRA1,G,235,ECD,,
GABRA1,E,236,ECD,,
GABRA1,Y,237,ECD,,
GABRA1,V,238,ECD,,
GABRA1,V,239,ECD,,
GABRA1,M,240,ECD,,
GABRA1,T,241,ECD,,
GABRA1,T,242,ECD,,
GABRA1,H,243,ECD,,
GABRA1,F,244,ECD,,
GABRA1,H,245,ECD,,
GABRA1,L,246,ECD,,
GABRA1,K,247,ECD,,
GABRA1,R,248,ECD,,
GABRA1,K,249,ECD,,
GABRA1,I,250,ECD,,
GABRA1,G,251,ECD,,
GABRA1,N,335,ICD,,
GABRA1,Y,336,ICD,,
GABRA1,F,337,ICD,,
GABRA1,T,338,ICD,,
GABRA1,K,339,ICD,,
GABRA1,R,340,ICD,,
GABRA1,G,341,ICD,,
GABRA1,Y,342,ICD,,
GABRA1,A,343,ICD,,
GABRA1,W,344,ICD,,
GABRA1,D,345,ICD,,
GABRA1,G,346,ICD,,
GABRA1,K,347,ICD,,
GABRA1,S,348,ICD,,
GABRA1,V,349,ICD,,
GABRA1,V,350,ICD,,
GABRA1,P,351,ICD,,
GABRA1,E,352,ICD,,
GABRA1,K,353,ICD,,
GABRA1,P,354,ICD,,
GABRA1,K,355,ICD,,
GABRA1,K,356,ICD,,
GABRA1,V,357,ICD,,
GABRA1,K,358,ICD,,
GABRA1,D,359,ICD,,
GABRA1,P,360,ICD,,
GABRA1,L,361,ICD,,
GABRA1,I,362,ICD,,
GABRA1,K,363,ICD,,
GABRA1,K,364,ICD,,
GABRA1,N,365,ICD,,
GABRA1,N,366,ICD,,
GABRA1,T,367,ICD,,
GABRA1,Y,368,ICD,,
GABRA1,A,369,ICD,,
GABRA1,P,370,ICD,,
GABRA1,T,371,ICD,,
GABRA1,A,372,ICD,,
GABRA1,T,373,ICD,,
GABRA1,S,374,ICD,,
GABRA1,Y,375,ICD,,
GABRA1,T,376,ICD,,
GABRA1,P,377,ICD,,
GABRA1,N,378,ICD,,
GABRA1,L,379,ICD,,
GABRA1,A,380,ICD,,
GABRA1,R,381,ICD,,
GABRA1,G,382,ICD,,
GABRA1,D,383,ICD,,
GABRA1,P,384,ICD,,
GABRA1,G,385,ICD,,
GABRA1,L,386,ICD,,
GABRA1,A,387,ICD,,
GABRA1,T,388,ICD,,
GABRA1,I,389,ICD,,
GABRA1,A,390,ICD,,
GABRA1,K,391,ICD,,
GABRA1,S,392,ICD,,
GABRA1,A,393,ICD,,
GABRA1,T,394,ICD,,
GABRA1,I,395,ICD,,
GABRA1,E,396,ICD,,
GABRA1,P,397,ICD,,
GABRA1,K,398,ICD,,
GABRA1,E,399,ICD,,
GABRA1,V,400,ICD,,
GABRA1,K,401,ICD,,
GABRA1,P,402,ICD,,
GABRA1,E,403,ICD,,
GABRA1,T,404,ICD,,
GABRA1,K,405,ICD,,
GABRA1,P,406,ICD,,
GABRA1,P,407,ICD,,
GABRA1,E,408,ICD,,
GABRA1,P,409,ICD,,
GABRA1,K,410,ICD,,
GABRA1,K,411,ICD,,
GABRA1,T,412,ICD,,
GABRA1,F,413,ICD,,
GABRA1,N,414,ICD,,
GABRA1,S,415,ICD,,
GABRA1,V,416,ICD,,
GABRA1,S,417,ICD,,
GABRA1,K,418,ICD,,
GABRA1,I,419,ICD,,
GABRA1,D,420,ICD,,
GABRA1,R,421,ICD,,
